id;car_name;car_modal;brand_name;engin_type;engine_no;manufacture_date
1;mobile Fish;Home Loan Account Table Computer;Trace;Savings Account alarm;2058;2019-11-27T11:29:19
2;transmitter Implementation Electronics;Soap methodology Albania;Home Namibia;Steel zero administration;36636;2019-11-27T07:15:22
3;Licensed Savings Account;Cambridgeshire Mississippi;HDD;Table Small Frozen Sausages Planner;80839;2019-11-27T03:35:34
4;Music;Nakfa;Bahamian Dollar Investment Account;Games Regional Digitized;66252;2019-11-26T18:42:51
5;convergence;Mayotte;Industrial;connect Markets Chief;59789;2019-11-26T19:23:18
6;archive Georgia Aruba;software scale interactive;Louisiana Specialist Home Loan Account;Plastic;80219;2019-11-27T08:52:34
7;Industrial;index orange;Jewelery;monitor;72900;2019-11-26T17:52:43
8;Checking Account Identity deposit;IB Investment Account archive;envisioneer;moratorium pixel withdrawal;88721;2019-11-26T23:22:22
9;embrace Developer;synthesize Idaho compress;Sleek Metal Table Small;Intelligent Outdoors;63641;2019-11-27T01:26:02
10;Montana;Corporate Phased relationships;white Brand Money Market Account;Salad Web virtual;63340;2019-11-27T10:18:39
